Binder Name,Binder Type,Name,Set code,Set name,Collector number,Foil,Rarity,Quantity,ManaBox ID,Scryfall ID,Purchase price,Misprint,Altered,Condition,Language,Purchase price currency,Added
SOS Collector,binder,Abrade,sld,Secret Lair Drop,672,normal,rare,1,100001,aaaa1111-2222-3333-4444-555566667001,,false,false,near_mint,en,USD,2025-10-14T18:22:05.000Z
SOS Collector,binder,Maelstrom Artisan // Rocket Volley,dsk,Duskmourn: House of Horror,241,foil,rare,1,100002,aaaa1111-2222-3333-4444-555566667002,4.50,false,false,near_mint,en,USD,2025-09-02T11:03:44.000Z
SOS Collector,binder,Maelstrom Artisan // Rocket Volley,dsk,Duskmourn: House of Horror,241,normal,rare,1,100003,aaaa1111-2222-3333-4444-555566667003,1.20,false,false,near_mint,en,USD,2025-09-02T11:03:44.000Z
SOS Collector,binder,Atraxa Praetors' Voice,cm2,Commander Anthology Volume II,26,normal,mythic,2,100004,aaaa1111-2222-3333-4444-555566667004,18.00,false,false,near_mint,en,USD,2025-06-20T09:15:00.000Z
Trade Binder,binder,Lightning Bolt,clb,Commander Legends: Battle for Baldur's Gate,187,normal,uncommon,4,100005,aaaa1111-2222-3333-4444-555566667005,0.90,false,false,near_mint,en,USD,2025-05-11T15:40:12.000Z
Trade Binder,binder,Lightning Bolt,2x2,Double Masters 2022,117,normal,uncommon,2,100006,aaaa1111-2222-3333-4444-555566667006,1.10,false,false,light_played,en,USD,2025-05-11T15:41:33.000Z
Trade Binder,binder,Sol Ring,cmm,Commander Masters,464,normal,uncommon,5,100007,aaaa1111-2222-3333-4444-555566667007,1.50,false,false,near_mint,en,USD,2025-07-01T20:00:00.000Z
Bulk Box,box,Sol Ring,cmm,Commander Masters,464,foil,uncommon,1,100008,aaaa1111-2222-3333-4444-555566667008,3.00,false,false,good,en,USD,2025-07-01T20:01:10.000Z
Bulk Box,box,Swamp,revised edition,Revised Edition,301,normal,common,12,100009,aaaa1111-2222-3333-4444-555566667009,0.05,false,false,played,en,USD,2025-03-30T08:12:00.000Z
